id,firstName,lastName,email,gender,Dept,Salary,imageUrl
1,Lief,Appleford,lappleford0@ow.ly,Male,ADMINISTRATION,78533.55,images/staff/member-1.jpg
2,Waylen,Feldklein,wfeldklein1@plala.or.jp,Male,ADMINISTRATION,35215.9,images/staff/member-2.jpg
3,Errick,Brokenshire,ebrokenshire2@tinyurl.com,Male,ACCOUNTING,77010.29,images/staff/member-3.jpg
4,Marcus,Bedson,mbedson3@independent.co.uk,Male,ENGINEERING,55494.33,images/staff/member-4.jpg
5,Tore,Thomel,tthomel4@auda.org.au,Male,ENGINEERING,29092.07,images/staff/jimmy-fallon.png
6,Angie,Kemme,akemme5@reverbnation.com,Male,ADMINISTRATION,98677.8,images/staff/member-5.jpg
7,Cymbre,Goncaves,cgoncaves6@columbia.edu,Female,ACCOUNTING,61514.56,images/staff/member-1.jpg
8,Rob,Burren,rburren7@oaic.gov.au,Male,ENGINEERING,59476.04,images/staff/member-2.jpg
9,Jillene,Poundsford,jpoundsford8@smh.com.au,Female,ACCOUNTING,63220.29,images/staff/member-3.jpg
10,Lona,McElvine,lmcelvine9@flickr.com,Female,ADMINISTRATION,1339.95,images/staff/member-4.jpg
11,Rriocard,Ibotson,ribotsona@domainmarket.com,Male,ENGINEERING,17001.97,images/staff/member-5.jpg
12,Russ,Kedge,rkedgeb@studiopress.com,Male,ENGINEERING,35033.93,images/staff/member-1.jpg
13,Chad,Brownbill,cbrownbillc@usnews.com,Female,ACCOUNTING,5044.01,images/staff/jimmy-fallon.png
14,Monique,McDermot,mmcdermotd@dailymotion.com,Female,ENGINEERING,22279.64,images/staff/member-1.jpg
15,Merridie,Brane,mbranee@sitemeter.com,Female,ACCOUNTING,12070.54,images/staff/member-1.jpg
16,Una,Legon,ulegonf@twitter.com,Female,ADMINISTRATION,87288.54,images/staff/member-1.jpg
17,Sydel,Juster,sjusterg@telegraph.co.uk,Female,ADMINISTRATION,24614.2,images/staff/member-1.jpg
18,Salli,Chastand,schastandh@de.vu,Female,ENGINEERING,32901.32,images/staff/member-1.jpg
19,Kiah,Milesap,kmilesapi@cafepress.com,Female,ADMINISTRATION,7120.35,images/staff/member-1.jpg
20,Kirbee,Harms,kharmsj@china.com.cn,Female,ACCOUNTING,19235.67,images/staff/member-1.jpg
21,Brandi,Laybourn,blaybournk@nifty.com,Genderfluid,ACCOUNTING,30825.41,images/staff/member-1.jpg
22,Lavinia,Bonellie,lbonelliel@newsvine.com,Female,ENGINEERING,35548.25,images/staff/member-1.jpg
23,Geoffry,Goodsal,ggoodsalm@prweb.com,Male,ACCOUNTING,90021.58,images/staff/member-1.jpg
24,Tull,Fullegar,tfullegarn@businessinsider.com,Male,ENGINEERING,22623.93,images/staff/member-1.jpg
25,Starlin,O'Farrell,sofarrello@myspace.com,Female,ADMINISTRATION,35894.98,images/staff/member-1.jpg
26,Goldia,Rankine,grankinep@gmpg.org,Female,ADMINISTRATION,82769.49,images/staff/member-1.jpg
27,Deni,Beevens,dbeevensq@un.org,Female,ACCOUNTING,21644.1,images/staff/member-1.jpg
28,Geoff,Goodisson,ggoodissonr@amazon.co.jp,Male,ADMINISTRATION,69201.16,images/staff/member-1.jpg
29,Carling,Lassell,classells@huffingtonpost.com,Male,ENGINEERING,61607.09,images/staff/member-1.jpg
30,Rene,Wiz,rwizt@fda.gov,Male,ACCOUNTING,24483.66,images/staff/member-1.jpg
31,Alyosha,Greder,agrederu@aol.com,Male,ADMINISTRATION,21377.57,images/staff/member-1.jpg
32,Seumas,Ternent,sternentv@quantcast.com,Male,ENGINEERING,21523.42,images/staff/member-1.jpg
33,Roxy,Balsellie,rbalselliew@ovh.net,Female,ADMINISTRATION,59014.94,images/staff/member-1.jpg
34,Ignazio,Mattheeuw,imattheeuwx@usa.gov,Male,ENGINEERING,94436.66,images/staff/member-1.jpg
35,Layton,MacAlaster,lmacalastery@nifty.com,Male,ENGINEERING,80305.05,images/staff/member-1.jpg
36,Arvin,Hutley,ahutleyz@miibeian.gov.cn,Male,ENGINEERING,51867.72,images/staff/member-1.jpg
37,Jerrilyn,Hammersley,jhammersley10@eventbrite.com,Female,ADMINISTRATION,82916.09,images/staff/member-1.jpg
38,Dyana,Coxhead,dcoxhead11@theatlantic.com,Female,ENGINEERING,76092.84,images/staff/member-1.jpg
39,Ave,Fawdrey,afawdrey12@ox.ac.uk,Male,ENGINEERING,71863.02,images/staff/member-1.jpg
40,Hermia,Iggalden,higgalden13@mac.com,Female,ADMINISTRATION,58522.42,images/staff/member-1.jpg
41,Adaline,Gronw,agronw14@unicef.org,Female,ACCOUNTING,24740.52,images/staff/member-1.jpg
42,Sherie,Heiton,sheiton15@techcrunch.com,Female,ACCOUNTING,36948.2,images/staff/member-1.jpg
43,Rooney,Herche,rherche16@techcrunch.com,Bigender,ADMINISTRATION,72075.35,images/staff/member-1.jpg
44,Tiffani,Lodovichi,tlodovichi17@vinaora.com,Female,ENGINEERING,72341.78,images/staff/member-1.jpg
45,Katheryn,Dupoy,kdupoy18@miitbeian.gov.cn,Genderfluid,ADMINISTRATION,11373.38,images/staff/member-1.jpg
46,Aharon,Cherm,acherm19@artisteer.com,Male,ACCOUNTING,6212.47,images/staff/member-1.jpg
47,Ronica,Vaudre,rvaudre1a@sciencedaily.com,Female,ACCOUNTING,77728.06,images/staff/member-1.jpg
48,Joye,Kubiczek,jkubiczek1b@bigcartel.com,Female,ENGINEERING,64451.78,images/staff/member-1.jpg
49,May,Thomas,mthomas1c@oaic.gov.au,Bigender,ADMINISTRATION,8543.59,images/staff/member-1.jpg
50,Piotr,Riseborough,priseborough1d@paypal.com,Male,ADMINISTRATION,75033.76,images/staff/member-1.jpg
51,Ralf,Sandom,rsandom1e@tripadvisor.com,Male,ENGINEERING,31538.66,images/staff/member-1.jpg
52,Field,Springham,fspringham1f@nyu.edu,Male,ACCOUNTING,41522.35,images/staff/member-1.jpg
53,Tanya,Vigrass,tvigrass1g@nifty.com,Female,ADMINISTRATION,95288.56,images/staff/member-1.jpg
54,Ailsun,Wardlaw,awardlaw1h@hhs.gov,Female,ENGINEERING,61412.96,images/staff/member-1.jpg
55,Nerti,McManamen,nmcmanamen1i@usda.gov,Female,ACCOUNTING,86192.24,images/staff/member-1.jpg
56,Pat,Roughey,proughey1j@hostgator.com,Male,ENGINEERING,6447.48,images/staff/member-1.jpg
57,Lesley,Spinas,lspinas1k@bing.com,Female,ACCOUNTING,81527.98,images/staff/member-1.jpg
58,Humberto,Drogan,hdrogan1l@cargocollective.com,Male,ADMINISTRATION,70150.55,images/staff/member-1.jpg
59,Lin,Ruxton,lruxton1m@stumbleupon.com,Male,ADMINISTRATION,51596.86,images/staff/member-1.jpg
60,Giustina,Shreve,gshreve1n@example.com,Female,ADMINISTRATION,60424.95,images/staff/member-1.jpg
61,Finley,Durtnel,fdurtnel1o@un.org,Male,ENGINEERING,64535.35,images/staff/member-1.jpg
62,Gamaliel,Corkel,gcorkel1p@icq.com,Male,ADMINISTRATION,45961.12,images/staff/member-1.jpg
63,Royall,Luton,rluton1q@theglobeandmail.com,Male,ACCOUNTING,20047.79,images/staff/member-1.jpg
64,Marlo,Dennison,mdennison1r@delicious.com,Male,ACCOUNTING,13595.24,images/staff/member-1.jpg
65,Maddie,Lill,mlill1s@alibaba.com,Female,ENGINEERING,48633.97,images/staff/member-1.jpg
66,Abbey,Rew,arew1t@accuweather.com,Female,ADMINISTRATION,12491.02,images/staff/member-1.jpg
67,Kirk,Neeves,kneeves1u@mashable.com,Bigender,ADMINISTRATION,44155.12,images/staff/member-1.jpg
68,Timmy,Bowmen,tbowmen1v@topsy.com,Male,ENGINEERING,65002.0,images/staff/member-1.jpg
69,Juliann,Huegett,jhuegett1w@t.co,Female,ACCOUNTING,92619.61,images/staff/member-1.jpg
70,Barret,Ziems,bziems1x@home.pl,Male,ADMINISTRATION,12292.88,images/staff/member-1.jpg
71,Ryun,Walshaw,rwalshaw1y@sphinn.com,Male,ENGINEERING,9333.84,images/staff/member-1.jpg
72,Tyrone,Deeney,tdeeney1z@ft.com,Male,ADMINISTRATION,23462.28,images/staff/member-1.jpg
73,Scot,Lightwing,slightwing20@hatena.ne.jp,Male,ENGINEERING,86033.38,images/staff/member-1.jpg
74,Seth,Ankers,sankers21@geocities.com,Male,ENGINEERING,38155.25,images/staff/member-1.jpg
75,Fran,Sivorn,fsivorn22@ameblo.jp,Male,ADMINISTRATION,76514.35,images/staff/member-1.jpg
76,Kira,Stoakley,kstoakley23@fda.gov,Female,ACCOUNTING,90334.97,images/staff/member-1.jpg
77,Arley,Busst,abusst24@youtu.be,Male,ADMINISTRATION,27690.83,images/staff/member-1.jpg
78,Rogerio,Irvin,rirvin25@admin.ch,Male,ADMINISTRATION,63296.39,images/staff/member-1.jpg
79,Kirby,Deveral,kdeveral26@phpbb.com,Male,ENGINEERING,43670.27,images/staff/member-1.jpg
80,Merrilee,Wickardt,mwickardt27@multiply.com,Agender,ENGINEERING,87572.38,images/staff/member-1.jpg
81,Saxe,Moniker,smoniker28@live.com,Male,ADMINISTRATION,89370.38,images/staff/member-1.jpg
82,Yvon,Verdie,yverdie29@unc.edu,Male,ADMINISTRATION,64202.21,images/staff/member-1.jpg
83,Brigitta,Ceschini,bceschini2a@prnewswire.com,Female,ENGINEERING,13286.11,images/staff/member-1.jpg
84,Lib,Lyttle,llyttle2b@unesco.org,Female,ENGINEERING,13722.24,images/staff/member-1.jpg
85,Helge,Ast,hast2c@people.com.cn,Female,ENGINEERING,48461.38,images/staff/member-1.jpg
86,Chaddie,Moon,cmoon2d@deviantart.com,Male,ACCOUNTING,5349.29,images/staff/member-1.jpg
87,Mair,Zanussii,mzanussii2e@weebly.com,Female,ENGINEERING,64188.23,images/staff/member-1.jpg
88,Meghann,Trevaskis,mtrevaskis2f@booking.com,Non-binary,ACCOUNTING,77329.06,images/staff/member-1.jpg
89,Traver,Gerrelts,tgerrelts2g@elegantthemes.com,Male,ENGINEERING,4607.25,images/staff/member-1.jpg
90,Barnaby,Harnetty,bharnetty2h@tiny.cc,Male,ENGINEERING,20332.43,images/staff/member-1.jpg
91,Bruno,Driutti,bdriutti2i@rakuten.co.jp,Male,ACCOUNTING,15569.52,images/staff/member-1.jpg
92,Grange,Kytter,gkytter2j@jalbum.net,Male,ENGINEERING,96513.44,images/staff/member-1.jpg
93,Beaufort,Reisin,breisin2k@moonfruit.com,Male,ACCOUNTING,96379.18,images/staff/member-1.jpg
94,Cecelia,Ruler,cruler2l@imgur.com,Female,ADMINISTRATION,71025.68,images/staff/member-1.jpg
95,Ches,Spoole,cspoole2m@a8.net,Male,ADMINISTRATION,25055.71,images/staff/member-1.jpg
96,Jeremiah,Birdsey,jbirdsey2n@pcworld.com,Genderfluid,ENGINEERING,71721.53,images/staff/member-1.jpg
97,Floria,Tippings,ftippings2o@surveymonkey.com,Female,ENGINEERING,85036.98,images/staff/member-1.jpg
98,Fredra,Camerati,fcamerati2p@illinois.edu,Female,ENGINEERING,50576.66,images/staff/member-1.jpg
99,Merlina,Larcher,mlarcher2q@weebly.com,Female,ACCOUNTING,4846.2,images/staff/member-1.jpg
100,Kay,Jendrys,kjendrys2r@fda.gov,Female,ADMINISTRATION,21143.49,images/staff/member-1.jpg
