id,firstName,lastName,email,gender,level,imageUrl
1,Sallie,Mordecai,smordecai0@opera.com,Female,GOLD,images/patrons/member-1.jpg
2,Therese,Blower,tblower1@goo.ne.jp,Female,GOLD,images/patrons/member-1.jpg
3,Hermon,Byrcher,hbyrcher2@samsung.com,Male,GOLD,images/patrons/member-1.jpg
4,Chadd,Bedberry,cbedberry3@parallels.com,Male,GOLD,images/patrons/member-1.jpg
5,Karee,Twinbourne,ktwinbourne4@cam.ac.uk,Female,SILVER,images/patrons/member-1.jpg
6,Ulick,Wandrey,uwandrey5@dailymotion.com,Male,GOLD,images/patrons/member-1.jpg
7,Delly,Elford,delford6@cloudflare.com,Bigender,SILVER,images/patrons/member-1.jpg
8,Jacquette,Clorley,jclorley7@hhs.gov,Female,GOLD,images/patrons/member-1.jpg
9,Aliza,Rosenberg,arosenberg8@omniture.com,Female,GOLD,images/patrons/member-1.jpg
10,Kurtis,Temblett,ktemblett9@ucoz.com,Male,DIAMOND,images/patrons/member-1.jpg
11,Kathlin,Gossage,kgossagea@drupal.org,Female,GOLD,images/patrons/member-1.jpg
12,Christie,Leare,cleareb@tripadvisor.com,Male,SILVER,images/patrons/member-1.jpg
13,Lemmy,Ledgister,lledgisterc@adobe.com,Bigender,DIAMOND,images/patrons/member-1.jpg
14,Miriam,Tabbernor,mtabbernord@newsvine.com,Female,SILVER,images/patrons/member-1.jpg
15,Amandi,Osman,aosmane@telegraph.co.uk,Female,DIAMOND,images/patrons/member-1.jpg
16,Ethelin,Trenfield,etrenfieldf@fema.gov,Female,DIAMOND,images/patrons/member-1.jpg
17,Ravi,MacShane,rmacshaneg@blogspot.com,Male,DIAMOND,images/patrons/member-1.jpg
18,Christie,Weldon,cweldonh@i2i.jp,Female,GOLD,images/patrons/member-1.jpg
19,Ninetta,Taunton.,ntauntoni@chicagotribune.com,Female,DIAMOND,images/patrons/member-1.jpg
20,Kaylyn,Mulrooney,kmulrooneyj@washington.edu,Agender,GOLD,images/patrons/member-1.jpg
21,Josefina,Hanfrey,jhanfreyk@harvard.edu,Female,DIAMOND,images/patrons/member-1.jpg
22,Winfield,Rabjohn,wrabjohnl@imdb.com,Male,SILVER,images/patrons/member-1.jpg
23,Amata,Mccaull,amccaullm@yale.edu,Female,SILVER,images/patrons/member-1.jpg
24,Buffy,Nell,bnelln@slideshare.net,Female,SILVER,images/patrons/member-1.jpg
25,Inna,Balfe,ibalfeo@goo.gl,Female,SILVER,images/patrons/member-1.jpg
26,Odell,Langwade,olangwadep@java.com,Male,GOLD,images/patrons/member-1.jpg
27,Jacky,Bremeyer,jbremeyerq@opensource.org,Female,GOLD,images/patrons/member-1.jpg
28,Halsey,Houlahan,hhoulahanr@toplist.cz,Male,GOLD,images/patrons/member-1.jpg
29,Bevan,Skamell,bskamells@cnbc.com,Polygender,SILVER,images/patrons/member-1.jpg
30,Lani,Freire,lfreiret@macromedia.com,Female,DIAMOND,images/patrons/member-1.jpg
31,Fax,Quinnet,fquinnetu@elpais.com,Genderfluid,DIAMOND,images/patrons/member-1.jpg
32,Judas,Furbank,jfurbankv@icq.com,Male,DIAMOND,images/patrons/member-1.jpg
33,Deeanne,MacCarlich,dmaccarlichw@bizjournals.com,Female,DIAMOND,images/patrons/member-1.jpg
34,Stormi,Merigeau,smerigeaux@google.com.hk,Female,SILVER,images/patrons/member-1.jpg
35,Leoine,Gimenez,lgimenezy@sina.com.cn,Female,SILVER,images/patrons/member-1.jpg
36,Teddy,Harvard,tharvardz@mediafire.com,Male,GOLD,images/patrons/member-1.jpg
37,Halley,Gerardeaux,hgerardeaux10@soup.io,Female,SILVER,images/patrons/member-1.jpg
38,Dieter,Marzella,dmarzella11@com.com,Male,DIAMOND,images/patrons/member-1.jpg
39,Chariot,Dain,cdain12@cargocollective.com,Male,GOLD,images/patrons/member-1.jpg
40,Ashly,Stannas,astannas13@liveinternet.ru,Female,SILVER,images/patrons/member-1.jpg
41,Vincent,Dawtrey,vdawtrey14@ning.com,Male,SILVER,images/patrons/member-1.jpg
42,Angeli,Mouncher,amouncher15@msu.edu,Male,GOLD,images/patrons/member-1.jpg
43,Riannon,Odgers,rodgers16@myspace.com,Female,SILVER,images/patrons/member-1.jpg
44,Wilfred,Hewlings,whewlings17@adobe.com,Male,SILVER,images/patrons/member-1.jpg
45,Faber,McTague,fmctague18@miitbeian.gov.cn,Agender,SILVER,images/patrons/member-1.jpg
46,Velvet,Greenshiels,vgreenshiels19@bravesites.com,Female,DIAMOND,images/patrons/member-1.jpg
47,Nichol,Facer,nfacer1a@dot.gov,Female,DIAMOND,images/patrons/member-1.jpg
48,Nathanil,Jorioz,njorioz1b@virginia.edu,Male,SILVER,images/patrons/member-1.jpg
49,Sacha,Philliskirk,sphilliskirk1c@blog.com,Female,SILVER,images/patrons/member-1.jpg
50,Gil,Gallichan,ggallichan1d@wikispaces.com,Male,GOLD,images/patrons/member-1.jpg
51,Rosene,Ledgley,rledgley1e@slate.com,Female,GOLD,images/patrons/member-1.jpg
52,Hermy,Dilrew,hdilrew1f@miibeian.gov.cn,Male,GOLD,images/patrons/member-1.jpg
53,Nicol,McKeon,nmckeon1g@google.pl,Male,SILVER,images/patrons/member-1.jpg
54,Betsy,Dyerson,bdyerson1h@oakley.com,Female,GOLD,images/patrons/member-1.jpg
55,Keene,Godney,kgodney1i@hugedomains.com,Male,DIAMOND,images/patrons/member-1.jpg
56,Lauryn,Truscott,ltruscott1j@usnews.com,Female,DIAMOND,images/patrons/member-1.jpg
57,Toiboid,Davoren,tdavoren1k@cocolog-nifty.com,Genderqueer,DIAMOND,images/patrons/member-1.jpg
58,Tristan,Bax,tbax1l@bloglovin.com,Male,DIAMOND,images/patrons/member-1.jpg
59,Wendie,Baleine,wbaleine1m@reddit.com,Female,GOLD,images/patrons/member-1.jpg
60,Tilly,Ditt,tditt1n@cyberchimps.com,Female,DIAMOND,images/patrons/member-1.jpg
61,Keven,Sharphurst,ksharphurst1o@is.gd,Male,GOLD,images/patrons/member-1.jpg
62,Huberto,Gouldie,hgouldie1p@g.co,Male,GOLD,images/patrons/member-1.jpg
63,Basilius,Angell,bangell1q@ibm.com,Male,DIAMOND,images/patrons/member-1.jpg
64,Adolph,Scrivin,ascrivin1r@chron.com,Male,SILVER,images/patrons/member-1.jpg
65,Orlando,Flegg,oflegg1s@linkedin.com,Male,DIAMOND,images/patrons/member-1.jpg
66,Ignace,McGillacoell,imcgillacoell1t@plala.or.jp,Male,GOLD,images/patrons/member-1.jpg
67,Gerri,Delouch,gdelouch1u@gnu.org,Female,SILVER,images/patrons/member-1.jpg
68,Lew,Bawle,lbawle1v@friendfeed.com,Male,GOLD,images/patrons/member-1.jpg
69,Vittorio,Scouse,vscouse1w@ocn.ne.jp,Male,DIAMOND,images/patrons/member-1.jpg
70,Annis,Lamblot,alamblot1x@google.co.uk,Female,GOLD,images/patrons/member-1.jpg
71,Brooks,Hauch,bhauch1y@amazonaws.com,Male,DIAMOND,images/patrons/member-1.jpg
72,Morgun,Jeffrey,mjeffrey1z@meetup.com,Male,GOLD,images/patrons/member-1.jpg
73,Anna-maria,Sansome,asansome20@angelfire.com,Non-binary,DIAMOND,images/patrons/member-1.jpg
74,Thaine,Sanbroke,tsanbroke21@gnu.org,Male,GOLD,images/patrons/member-1.jpg
75,Rhett,Hollebon,rhollebon22@myspace.com,Bigender,SILVER,images/patrons/member-1.jpg
76,Kelwin,Lohden,klohden23@themeforest.net,Male,SILVER,images/patrons/member-1.jpg
77,Lutero,Lethby,llethby24@over-blog.com,Male,SILVER,images/patrons/member-1.jpg
78,Valdemar,Tuft,vtuft25@free.fr,Male,GOLD,images/patrons/member-1.jpg
79,Johan,Pringle,jpringle26@house.gov,Male,DIAMOND,images/patrons/member-1.jpg
80,Harwilll,Quested,hquested27@netlog.com,Male,GOLD,images/patrons/member-1.jpg
81,Robby,Paulitschke,rpaulitschke28@bizjournals.com,Male,DIAMOND,images/patrons/member-1.jpg
82,Franciska,Elsey,felsey29@abc.net.au,Genderfluid,SILVER,images/patrons/member-1.jpg
83,Chalmers,Plait,cplait2a@taobao.com,Male,GOLD,images/patrons/member-1.jpg
84,Sigrid,Vannuccinii,svannuccinii2b@technorati.com,Female,DIAMOND,images/patrons/member-1.jpg
85,Drusilla,Kitchener,dkitchener2c@deliciousdays.com,Female,GOLD,images/patrons/member-1.jpg
86,Ernesto,Whiteman,ewhiteman2d@aol.com,Male,GOLD,images/patrons/member-1.jpg
87,Demetri,Bodycombe,dbodycombe2e@naver.com,Male,GOLD,images/patrons/member-1.jpg
88,Urson,Hugett,uhugett2f@nifty.com,Male,GOLD,images/patrons/member-1.jpg
89,Olivier,Brommage,obrommage2g@cisco.com,Male,DIAMOND,images/patrons/member-1.jpg
90,Clemmie,Odam,codam2h@archive.org,Female,SILVER,images/patrons/member-1.jpg
91,Lucinda,Constable,lconstable2i@china.com.cn,Female,DIAMOND,images/patrons/member-1.jpg
92,Carolyn,Milsap,cmilsap2j@reuters.com,Female,GOLD,images/patrons/member-1.jpg
93,Adan,Hadeke,ahadeke2k@ted.com,Female,GOLD,images/patrons/member-1.jpg
94,Clea,Doumerque,cdoumerque2l@google.com.br,Female,GOLD,images/patrons/member-1.jpg
95,Sancho,Lamacraft,slamacraft2m@cpanel.net,Male,DIAMOND,images/patrons/member-1.jpg
96,Haze,McGenn,hmcgenn2n@feedburner.com,Male,DIAMOND,images/patrons/member-1.jpg
97,Gardner,Tomowicz,gtomowicz2o@360.cn,Male,DIAMOND,images/patrons/member-1.jpg
98,Marv,Welling,mwelling2p@nbcnews.com,Male,GOLD,images/patrons/member-1.jpg
99,Marley,Gantz,mgantz2q@hao123.com,Female,DIAMOND,images/patrons/member-1.jpg
100,Fidelia,Wane,fwane2r@mit.edu,Female,GOLD,images/patrons/member-1.jpg
